,circle_x,circle_y,circle_radius,time_clicked,click_x,click_y
0,82,201,40,0.522010087966919,76,216
1,629,335,89,0.8298568725585938,357,206
2,575,334,63,1.1295490264892578,364,237
3,110,396,59,1.3100883960723877,368,235
4,572,237,44,1.4397528171539307,368,235
5,90,138,10,1.603562355041504,368,235
6,217,295,37,1.7519619464874268,368,235
7,123,114,15,1.9117443561553955,368,235
